Symbol,Market,Name
95570,KOSPI,AJ네트웍스
6840,KOSPI,AK홀딩스
27410,KOSPI,BGF
282330,KOSPI,BGF리테일
138930,KOSPI,BNK금융지주
1460,KOSPI,BYC
1465,KOSPI,BYC우
1040,KOSPI,CJ
79160,KOSPI,CJ CGV
00104K,KOSPI,CJ4우(전환)
120,KOSPI,CJ대한통운
11150,KOSPI,CJ씨푸드
11155,KOSPI,CJ씨푸드1우
1045,KOSPI,CJ우
97950,KOSPI,CJ제일제당
97955,KOSPI,CJ제일제당 우
590,KOSPI,CS홀딩스
12030,KOSPI,DB
16610,KOSPI,DB금융투자
5830,KOSPI,DB손해보험
990,KOSPI,DB하이텍
995,KOSPI,DB하이텍1우
139130,KOSPI,DGB금융지주
1530,KOSPI,DI동일
4840,KOSPI,DRB동일
155660,KOSPI,DSR
69730,KOSPI,DSR제강
17940,KOSPI,E1
365550,KOSPI,ESR켄달스퀘어리츠
7700,KOSPI,F&F
114090,KOSPI,GKL
78930,KOSPI,GS
6360,KOSPI,GS건설
1250,KOSPI,GS글로벌
7070,KOSPI,GS리테일
78935,KOSPI,GS우
12630,KOSPI,HDC
39570,KOSPI,HDC아이콘트롤스
89470,KOSPI,HDC현대EP
294870,KOSPI,HDC현대산업개발
11200,KOSPI,HMM
82740,KOSPI,HSD엔진
3560,KOSPI,IHQ
175330,KOSPI,JB금융지주
234080,KOSPI,JW생명과학
1060,KOSPI,JW중외제약
1067,KOSPI,JW중외제약2우B
1065,KOSPI,JW중외제약우
96760,KOSPI,JW홀딩스
2380,KOSPI,KCC
9070,KOSPI,KCTC
9440,KOSPI,KC그린홀딩스
119650,KOSPI,KC코트렐
92220,KOSPI,KEC
16380,KOSPI,KG동부제철
16385,KOSPI,KG동부제철우
1390,KOSPI,KG케미칼
25000,KOSPI,KPX케미칼
92230,KOSPI,KPX홀딩스
40,KOSPI,KR모터스
44450,KOSPI,KSS해운
30200,KOSPI,KT
33780,KOSPI,KT&G
30210,KOSPI,KTB투자증권
58850,KOSPI,KTcs
58860,KOSPI,KTis
93050,KOSPI,LF
3550,KOSPI,LG
34220,KOSPI,LG디스플레이
1120,KOSPI,LG상사
51900,KOSPI,LG생활건강
51905,KOSPI,LG생활건강우
3555,KOSPI,LG우
32640,KOSPI,LG유플러스
11070,KOSPI,LG이노텍
66570,KOSPI,LG전자
66575,KOSPI,LG전자우
108670,KOSPI,LG하우시스
108675,KOSPI,LG하우시스우
37560,KOSPI,LG헬로비전
51910,KOSPI,LG화학
51915,KOSPI,LG화학우
79550,KOSPI,LIG넥스원
6260,KOSPI,LS
10120,KOSPI,LS ELECTRIC
680,KOSPI,LS네트웍스
229640,KOSPI,LS전선아시아
23150,KOSPI,MH에탄올
35420,KOSPI,NAVER
181710,KOSPI,NHN
5940,KOSPI,NH투자증권
5945,KOSPI,NH투자증권우
338100,KOSPI,NH프라임리츠
34310,KOSPI,NICE
8260,KOSPI,NI스틸
4250,KOSPI,NPC
4255,KOSPI,NPC우
10060,KOSPI,OCI
5490,KOSPI,POSCO
100840,KOSPI,S&TC
64960,KOSPI,S&T모티브
3570,KOSPI,S&T중공업
36530,KOSPI,S&T홀딩스
10950,KOSPI,S-Oil
10955,KOSPI,S-Oil우
34120,KOSPI,SBS
101060,KOSPI,SBS미디어홀딩스
5090,KOSPI,SGC에너지
4060,KOSPI,SG세계물산
1380,KOSPI,SG충방
2360,KOSPI,SH에너지화학
9160,KOSPI,SIMPAC
123700,KOSPI,SJM
25530,KOSPI,SJM홀딩스
34730,KOSPI,SK
11790,KOSPI,SKC
18670,KOSPI,SK가스
1740,KOSPI,SK네트웍스
1745,KOSPI,SK네트웍스우
6120,KOSPI,SK디스커버리
6125,KOSPI,SK디스커버리우
210980,KOSPI,SK디앤디
68400,KOSPI,SK렌터카
326030,KOSPI,SK바이오팜
03473K,KOSPI,SK우
96770,KOSPI,SK이노베이션
96775,KOSPI,SK이노베이션우
1510,KOSPI,SK증권
1515,KOSPI,SK증권우
285130,KOSPI,SK케미칼
28513K,KOSPI,SK케미칼우
17670,KOSPI,SK텔레콤
660,KOSPI,SK하이닉스
5610,KOSPI,SPC삼립
11810,KOSPI,STX
77970,KOSPI,STX엔진
71970,KOSPI,STX중공업
84870,KOSPI,TBH글로벌
2710,KOSPI,TCC스틸
24070,KOSPI,WISCOM
37270,KOSPI,YG PLUS
500,KOSPI,가온전선
860,KOSPI,강남제비스코
35250,KOSPI,강원랜드
11420,KOSPI,갤럭시아에스엠
2100,KOSPI,경농
9450,KOSPI,경동나비엔
267290,KOSPI,경동도시가스
12320,KOSPI,경동인베스트
50,KOSPI,경방
214390,KOSPI,경보제약
12610,KOSPI,경인양행
9140,KOSPI,경인전자
13580,KOSPI,계룡건설
12200,KOSPI,계양전기
12205,KOSPI,계양전기우
2140,KOSPI,고려산업
10130,KOSPI,고려아연
2240,KOSPI,고려제강
9290,KOSPI,광동제약
17040,KOSPI,광명전기
17900,KOSPI,광전자
37710,KOSPI,광주신세계
30610,KOSPI,교보증권
339770,KOSPI,교촌에프앤비
7690,KOSPI,국도화학
5320,KOSPI,국동
1140,KOSPI,국보
2720,KOSPI,국제약품
83420,KOSPI,그린케미칼
14530,KOSPI,극동유화
14280,KOSPI,금강공업
14285,KOSPI,금강공업우
8870,KOSPI,금비
1570,KOSPI,금양
2990,KOSPI,금호산업
2995,KOSPI,금호산업우
11780,KOSPI,금호석유
11785,KOSPI,금호석유우
214330,KOSPI,금호에이치티
1210,KOSPI,금호전기
73240,KOSPI,금호타이어
92440,KOSPI,기신정기
270,KOSPI,기아차
24110,KOSPI,기업은행
13700,KOSPI,까뮤이앤씨
4540,KOSPI,깨끗한나라
4545,KOSPI,깨끗한나라우
1260,KOSPI,남광토건
8350,KOSPI,남선알미늄
8355,KOSPI,남선알미우
4270,KOSPI,남성
3920,KOSPI,남양유업
3925,KOSPI,남양유업우
25860,KOSPI,남해화학
5720,KOSPI,넥센
5725,KOSPI,넥센우
2350,KOSPI,넥센타이어
2355,KOSPI,넥센타이어1우B
3580,KOSPI,넥스트사이언스
251270,KOSPI,넷마블
90350,KOSPI,노루페인트
90355,KOSPI,노루페인트우
320,KOSPI,노루홀딩스
325,KOSPI,노루홀딩스우
6280,KOSPI,녹십자
5250,KOSPI,녹십자홀딩스
5257,KOSPI,녹십자홀딩스2우
4370,KOSPI,농심
72710,KOSPI,농심홀딩스
58730,KOSPI,다스코
23590,KOSPI,다우기술
19680,KOSPI,대교
19685,KOSPI,대교우B
6370,KOSPI,대구백화점
8060,KOSPI,대덕
00806K,KOSPI,대덕1우
353200,KOSPI,대덕전자
35320K,KOSPI,대덕전자1우
490,KOSPI,대동공업
8110,KOSPI,대동전자
5750,KOSPI,대림B&Co
1880,KOSPI,대림건설
210,KOSPI,대림산업
215,KOSPI,대림산업우
6570,KOSPI,대림통상
1680,KOSPI,대상
1685,KOSPI,대상우
84690,KOSPI,대상홀딩스
84695,KOSPI,대상홀딩스우
128820,KOSPI,대성산업
117580,KOSPI,대성에너지
16710,KOSPI,대성홀딩스
3540,KOSPI,대신증권
3547,KOSPI,대신증권2우B
3545,KOSPI,대신증권우
9190,KOSPI,대양금속
14160,KOSPI,대영포장
47040,KOSPI,대우건설
9320,KOSPI,대우부품
42660,KOSPI,대우조선해양
3090,KOSPI,대웅
69620,KOSPI,대웅제약
430,KOSPI,대원강업
6340,KOSPI,대원전선
6345,KOSPI,대원전선우
3220,KOSPI,대원제약
24890,KOSPI,대원화성
2880,KOSPI,대유에이텍
300,KOSPI,대유플러스
12800,KOSPI,대창
15230,KOSPI,대창단조
1070,KOSPI,대한방직
6650,KOSPI,대한유화
1440,KOSPI,대한전선
84010,KOSPI,대한제강
1790,KOSPI,대한제당
1795,KOSPI,대한제당우
1130,KOSPI,대한제분
3490,KOSPI,대한항공
3495,KOSPI,대한항공우
5880,KOSPI,대한해운
3830,KOSPI,대한화섬
16090,KOSPI,대현
69460,KOSPI,대호에이엘
192080,KOSPI,더블유게임즈
12510,KOSPI,더존비즈온
4830,KOSPI,덕성
4835,KOSPI,덕성우
24900,KOSPI,덕양산업
145720,KOSPI,덴티움
2150,KOSPI,도화엔지니어링
1230,KOSPI,동국제강
23450,KOSPI,동남합성
4140,KOSPI,동방
7590,KOSPI,동방아그로
5960,KOSPI,동부건설
5965,KOSPI,동부건설우
26960,KOSPI,동서
2210,KOSPI,동성제약
102260,KOSPI,동성코퍼레이션
5190,KOSPI,동성화학
640,KOSPI,동아쏘시오홀딩스
170900,KOSPI,동아에스티
28100,KOSPI,동아지질
282690,KOSPI,동아타이어
1520,KOSPI,동양
1527,KOSPI,동양2우B
1529,KOSPI,동양3우B
84670,KOSPI,동양고속
2900,KOSPI,동양물산
82640,KOSPI,동양생명
1525,KOSPI,동양우
8970,KOSPI,동양철관
92780,KOSPI,동양피스톤
49770,KOSPI,동원F&B
18500,KOSPI,동원금속
6040,KOSPI,동원산업
30720,KOSPI,동원수산
14820,KOSPI,동원시스템즈
14825,KOSPI,동원시스템즈우
163560,KOSPI,동일고무벨트
4890,KOSPI,동일산업
2690,KOSPI,동일제강
20,KOSPI,동화약품
150,KOSPI,두산
157,KOSPI,두산2우B
241560,KOSPI,두산밥캣
155,KOSPI,두산우
42670,KOSPI,두산인프라코어
34020,KOSPI,두산중공업
336260,KOSPI,두산퓨얼셀
33626K,KOSPI,두산퓨얼셀1우
33626L,KOSPI,두산퓨얼셀2우B
16740,KOSPI,두올
192650,KOSPI,드림텍
24090,KOSPI,디씨엠
3160,KOSPI,디아이
92200,KOSPI,디아이씨
13570,KOSPI,디와이
210540,KOSPI,디와이파워
7340,KOSPI,디티알오토모티브
26890,KOSPI,디피씨
115390,KOSPI,락앤락
32350,KOSPI,롯데관광개발
330590,KOSPI,롯데리츠
400,KOSPI,롯데손해보험
23530,KOSPI,롯데쇼핑
4000,KOSPI,롯데정밀화학
286940,KOSPI,롯데정보통신
280360,KOSPI,롯데제과
4990,KOSPI,롯데지주
00499K,KOSPI,롯데지주우
5300,KOSPI,롯데칠성
5305,KOSPI,롯데칠성우
11170,KOSPI,롯데케미칼
2270,KOSPI,롯데푸드
71840,KOSPI,롯데하이마트
27740,KOSPI,마니커
204320,KOSPI,만도
1080,KOSPI,만호제강
88980,KOSPI,맥쿼리인프라
94800,KOSPI,맵스리얼티1
138040,KOSPI,메리츠금융지주
8560,KOSPI,메리츠증권
60,KOSPI,메리츠화재
90370,KOSPI,메타랩스
17180,KOSPI,명문제약
9900,KOSPI,명신산업
12690,KOSPI,모나리자
5360,KOSPI,모나미
204210,KOSPI,모두투어리츠
9680,KOSPI,모토닉
9580,KOSPI,무림P&P
9200,KOSPI,무림페이퍼
33920,KOSPI,무학
8420,KOSPI,문배철강
6800,KOSPI,미래에셋대우
00680K,KOSPI,미래에셋대우2우B
6805,KOSPI,미래에셋대우우
357250,KOSPI,미래에셋맵스리츠
85620,KOSPI,미래에셋생명
2840,KOSPI,미원상사
268280,KOSPI,미원에스씨
107590,KOSPI,미원홀딩스
134380,KOSPI,미원화학
3650,KOSPI,미창석유
3610,KOSPI,방림
1340,KOSPI,백광산업
35150,KOSPI,백산
2410,KOSPI,범양건영
96300,KOSPI,베트남개발1
7210,KOSPI,벽산
2760,KOSPI,보락
3850,KOSPI,보령제약
890,KOSPI,보해양조
3000,KOSPI,부광약품
1270,KOSPI,부국증권
1275,KOSPI,부국증권우
26940,KOSPI,부국철강
15350,KOSPI,부산가스
11390,KOSPI,부산산업
5030,KOSPI,부산주공
2070,KOSPI,비비안
100220,KOSPI,비상교육
30790,KOSPI,비케이탑스
352820,KOSPI,빅히트
5180,KOSPI,빙그레
3960,KOSPI,사조대림
8040,KOSPI,사조동아원
7160,KOSPI,사조산업
14710,KOSPI,사조씨푸드
6090,KOSPI,사조오양
1470,KOSPI,삼부토건
6400,KOSPI,삼성SDI
6405,KOSPI,삼성SDI우
6660,KOSPI,삼성공조
28260,KOSPI,삼성물산
02826K,KOSPI,삼성물산우B
207940,KOSPI,삼성바이오로직스
32830,KOSPI,삼성생명
18260,KOSPI,삼성에스디에스
28050,KOSPI,삼성엔지니어링
9150,KOSPI,삼성전기
9155,KOSPI,삼성전기우
5930,KOSPI,삼성전자
5935,KOSPI,삼성전자우
1360,KOSPI,삼성제약
10140,KOSPI,삼성중공업
10145,KOSPI,삼성중공우
16360,KOSPI,삼성증권
68290,KOSPI,삼성출판사
29780,KOSPI,삼성카드
810,KOSPI,삼성화재
815,KOSPI,삼성화재우
6110,KOSPI,삼아알미늄
145990,KOSPI,삼양사
145995,KOSPI,삼양사우
3230,KOSPI,삼양식품
2170,KOSPI,삼양통상
272550,KOSPI,삼양패키징
70,KOSPI,삼양홀딩스
75,KOSPI,삼양홀딩스우
2810,KOSPI,삼영무역
5680,KOSPI,삼영전자
3720,KOSPI,삼영화학
23000,KOSPI,삼원강재
4380,KOSPI,삼익THK
2450,KOSPI,삼익악기
4440,KOSPI,삼일씨엔에스
520,KOSPI,삼일제약
9770,KOSPI,삼정펄프
5500,KOSPI,삼진제약
4690,KOSPI,삼천리
10960,KOSPI,삼호개발
4450,KOSPI,삼화왕관
9470,KOSPI,삼화전기
11230,KOSPI,삼화전자
1820,KOSPI,삼화콘덴서
390,KOSPI,삼화페인트
1290,KOSPI,상상인증권
41650,KOSPI,상신브레이크
75180,KOSPI,새론오토모티브
7540,KOSPI,샘표
248170,KOSPI,샘표식품
7860,KOSPI,서연
200880,KOSPI,서연이화
17390,KOSPI,서울가스
4410,KOSPI,서울식품
4415,KOSPI,서울식품우
21050,KOSPI,서원
8490,KOSPI,서흥
7610,KOSPI,선도전기
136490,KOSPI,선진
2820,KOSPI,선창산업
14910,KOSPI,성문전자
14915,KOSPI,성문전자우
3080,KOSPI,성보화학
4980,KOSPI,성신양회
4985,KOSPI,성신양회우
11300,KOSPI,성안
180,KOSPI,성창기업지주
2420,KOSPI,세기상사
4360,KOSPI,세방
4365,KOSPI,세방우
4490,KOSPI,세방전지
1430,KOSPI,세아베스틸
306200,KOSPI,세아제강
3030,KOSPI,세아제강지주
19440,KOSPI,세아특수강
58650,KOSPI,세아홀딩스
13000,KOSPI,세우글로벌
91090,KOSPI,세원셀론텍
21820,KOSPI,세원정공
67830,KOSPI,세이브존I&C
33530,KOSPI,세종공업
75580,KOSPI,세진중공업
27970,KOSPI,세하
145210,KOSPI,세화아이엠씨
308170,KOSPI,센트랄모텍
12600,KOSPI,센트럴인사이트
68270,KOSPI,셀트리온
336370,KOSPI,솔루스첨단소재
33637K,KOSPI,솔루스첨단소재1우
33637L,KOSPI,솔루스첨단소재2우B
4430,KOSPI,송원산업
17550,KOSPI,수산중공업
53210,KOSPI,스카이라이프
134790,KOSPI,시디즈
16590,KOSPI,신대양제지
29530,KOSPI,신도리코
4970,KOSPI,신라교역
11930,KOSPI,신성이엔지
5390,KOSPI,신성통상
4170,KOSPI,신세계
35510,KOSPI,신세계 I&C
34300,KOSPI,신세계건설
31430,KOSPI,신세계인터내셔날
31440,KOSPI,신세계푸드
6880,KOSPI,신송홀딩스
5800,KOSPI,신영와코루
1720,KOSPI,신영증권
1725,KOSPI,신영증권우
9270,KOSPI,신원
9275,KOSPI,신원우
2700,KOSPI,신일전자
19170,KOSPI,신풍제약
19175,KOSPI,신풍제약우
2870,KOSPI,신풍제지
55550,KOSPI,신한지주
1770,KOSPI,신화실업
4080,KOSPI,신흥
102280,KOSPI,쌍방울
3410,KOSPI,쌍용양회
3620,KOSPI,쌍용차
4770,KOSPI,써니전자
15540,KOSPI,쎌마테라퓨틱스
4920,KOSPI,씨아이테크
112610,KOSPI,씨에스윈드
8700,KOSPI,아남전자
2790,KOSPI,아모레G
00279K,KOSPI,아모레G3우(전환)
2795,KOSPI,아모레G우
90430,KOSPI,아모레퍼시픽
90435,KOSPI,아모레퍼시픽우
2030,KOSPI,아세아
183190,KOSPI,아세아시멘트
2310,KOSPI,아세아제지
267850,KOSPI,아시아나IDT
20560,KOSPI,아시아나항공
122900,KOSPI,아이마켓코리아
10780,KOSPI,아이에스동서
33660,KOSPI,아주캐피탈
1780,KOSPI,알루코
18250,KOSPI,애경산업
161000,KOSPI,애경유화
11090,KOSPI,에넥스
5850,KOSPI,에스엘
12750,KOSPI,에스원
23960,KOSPI,에쓰씨엔지니어링
298690,KOSPI,에어부산
140910,KOSPI,에이리츠
78520,KOSPI,에이블씨엔씨
15260,KOSPI,에이엔피
7460,KOSPI,에이프로젠 KIC
3060,KOSPI,에이프로젠제약
244920,KOSPI,에이플러스에셋
36570,KOSPI,엔씨소프트
138250,KOSPI,엔에스쇼핑
85310,KOSPI,엔케이
9810,KOSPI,엔케이물산
900140,KOSPI,엘브이엠씨홀딩스
14440,KOSPI,영보화학
111770,KOSPI,영원무역
9970,KOSPI,영원무역홀딩스
3520,KOSPI,영진약품
670,KOSPI,영풍
6740,KOSPI,영풍제지
12280,KOSPI,영화금속
12160,KOSPI,영흥
15360,KOSPI,예스코홀딩스
7310,KOSPI,오뚜기
2630,KOSPI,오리엔트바이오
271560,KOSPI,오리온
1800,KOSPI,오리온홀딩스
70960,KOSPI,용평리조트
316140,KOSPI,우리금융지주
4720,KOSPI,우리들제약
118000,KOSPI,우리들휴브레인
10050,KOSPI,우리종금
6980,KOSPI,우성사료
17370,KOSPI,우신시스템
105840,KOSPI,우진
10400,KOSPI,우진아이엔에스
49800,KOSPI,우진플라임
16880,KOSPI,웅진
95720,KOSPI,웅진씽크빅
5820,KOSPI,원림
10600,KOSPI,웰바이오텍
8600,KOSPI,윌비스
33270,KOSPI,유나이티드제약
14830,KOSPI,유니드
910,KOSPI,유니온
47400,KOSPI,유니온머티리얼
11330,KOSPI,유니켐
77500,KOSPI,유니퀘스트
2920,KOSPI,유성기업
700,KOSPI,유수홀딩스
3470,KOSPI,유안타증권
3475,KOSPI,유안타증권우
11690,KOSPI,유양디앤유
72130,KOSPI,유엔젤
220,KOSPI,유유제약
225,KOSPI,유유제약1우
227,KOSPI,유유제약2우B
1200,KOSPI,유진투자증권
100,KOSPI,유한양행
105,KOSPI,유한양행우
3460,KOSPI,유화증권
3465,KOSPI,유화증권우
8730,KOSPI,율촌화학
8250,KOSPI,이건산업
25820,KOSPI,이구산업
214320,KOSPI,이노션
88260,KOSPI,이리츠코크렙
139480,KOSPI,이마트
7660,KOSPI,이수페타시스
5950,KOSPI,이수화학
15020,KOSPI,이스타코
93230,KOSPI,이아이디
74610,KOSPI,이엔플러스
102460,KOSPI,이연제약
84680,KOSPI,이월드
760,KOSPI,이화산업
14990,KOSPI,인디에프
101140,KOSPI,인바이오젠
6490,KOSPI,인스코비
23800,KOSPI,인지컨트롤스
34590,KOSPI,인천도시가스
129260,KOSPI,인터지스
23810,KOSPI,인팩
249420,KOSPI,일동제약
230,KOSPI,일동홀딩스
13360,KOSPI,일성건설
3120,KOSPI,일성신약
3200,KOSPI,일신방직
7110,KOSPI,일신석재
7570,KOSPI,일양약품
7575,KOSPI,일양약품우
8500,KOSPI,일정실업
81000,KOSPI,일진다이아
20760,KOSPI,일진디스플
20150,KOSPI,일진머티리얼즈
103590,KOSPI,일진전기
15860,KOSPI,일진홀딩스
226320,KOSPI,잇츠한불
317400,KOSPI,자이에스앤디
33240,KOSPI,자화전자
950,KOSPI,전방
348950,KOSPI,제이알글로벌리츠
194370,KOSPI,제이에스코퍼레이션
25620,KOSPI,제이준코스메틱
36420,KOSPI,제이콘텐트리
30000,KOSPI,제일기획
271980,KOSPI,제일약품
1560,KOSPI,제일연마
2620,KOSPI,제일파마홀딩스
6220,KOSPI,제주은행
89590,KOSPI,제주항공
4910,KOSPI,조광페인트
4700,KOSPI,조광피혁
1550,KOSPI,조비
480,KOSPI,조선내화
120030,KOSPI,조선선재
18470,KOSPI,조일알미늄
2600,KOSPI,조흥
185750,KOSPI,종근당
63160,KOSPI,종근당바이오
1630,KOSPI,종근당홀딩스
44380,KOSPI,주연테크
13890,KOSPI,지누스
13870,KOSPI,지엠비코리아
71320,KOSPI,지역난방공사
10580,KOSPI,지코
35000,KOSPI,지투알
88790,KOSPI,진도
3780,KOSPI,진양산업
10640,KOSPI,진양폴리
100250,KOSPI,진양홀딩스
51630,KOSPI,진양화학
272450,KOSPI,진에어
11000,KOSPI,진원생명과학
2780,KOSPI,진흥기업
2787,KOSPI,진흥기업2우B
2785,KOSPI,진흥기업우B
9310,KOSPI,참엔지니어링
650,KOSPI,천일고속
33250,KOSPI,체시스
35720,KOSPI,카카오
6380,KOSPI,카프로
109070,KOSPI,컨버즈
1620,KOSPI,케이비아이동국실업
29460,KOSPI,케이씨
344820,KOSPI,케이씨씨글라스
281820,KOSPI,케이씨텍
145270,KOSPI,케이탑리츠
357120,KOSPI,코람코에너지리츠
7815,KOSPI,코리아써우
7810,KOSPI,코리아써키트
00781K,KOSPI,코리아써키트2우B
3690,KOSPI,코리안리
192820,KOSPI,코스맥스
44820,KOSPI,코스맥스비티아이
5070,KOSPI,코스모신소재
5420,KOSPI,코스모화학
71950,KOSPI,코아스
2020,KOSPI,코오롱
3070,KOSPI,코오롱글로벌
3075,KOSPI,코오롱글로벌우
144620,KOSPI,코오롱머티리얼
2025,KOSPI,코오롱우
120110,KOSPI,코오롱인더
120115,KOSPI,코오롱인더우
138490,KOSPI,코오롱플라스틱
21240,KOSPI,코웨이
31820,KOSPI,콤텍시스템
192400,KOSPI,쿠쿠홀딩스
284740,KOSPI,쿠쿠홈시스
15590,KOSPI,큐로
264900,KOSPI,크라운제과
26490K,KOSPI,크라운제과우
5740,KOSPI,크라운해태홀딩스
5745,KOSPI,크라운해태홀딩스우
20120,KOSPI,키다리스튜디오
39490,KOSPI,키움증권
12170,KOSPI,키위미디어그룹
14580,KOSPI,태경비케이
15890,KOSPI,태경산업
6890,KOSPI,태경케미컬
3240,KOSPI,태광산업
11280,KOSPI,태림포장
4100,KOSPI,태양금속
4105,KOSPI,태양금속우
9410,KOSPI,태영건설
9415,KOSPI,태영건설우
1420,KOSPI,태원물산
7980,KOSPI,태평양물산
55490,KOSPI,테이팩스
78000,KOSPI,텔코웨어
214420,KOSPI,토니모리
19180,KOSPI,티에이치엔
363280,KOSPI,티와이홀딩스
36328K,KOSPI,티와이홀딩스우
91810,KOSPI,티웨이항공
4870,KOSPI,티웨이홀딩스
5690,KOSPI,파미셀
152870,KOSPI,파워 200
192720,KOSPI,파워 고배당저변동성
176710,KOSPI,파워 중기국고채
140950,KOSPI,파워 코스피100
36580,KOSPI,팜스코
28670,KOSPI,팬오션
10820,KOSPI,퍼스텍
16800,KOSPI,퍼시스
1020,KOSPI,페이퍼코리아
90080,KOSPI,평화산업
10770,KOSPI,평화홀딩스
58430,KOSPI,포스코강판
47050,KOSPI,포스코인터내셔널
3670,KOSPI,포스코케미칼
7630,KOSPI,폴루스바이오팜
17810,KOSPI,풀무원
103140,KOSPI,풍산
5810,KOSPI,풍산홀딩스
33180,KOSPI,필룩스
86790,KOSPI,하나금융지주
293480,KOSPI,하나제약
39130,KOSPI,하나투어
172580,KOSPI,하이골드12호
153360,KOSPI,하이골드3호
71090,KOSPI,하이스틸
19490,KOSPI,하이트론
80,KOSPI,하이트진로
87,KOSPI,하이트진로2우B
140,KOSPI,하이트진로홀딩스
145,KOSPI,하이트진로홀딩스우
36460,KOSPI,한국가스공사
5430,KOSPI,한국공항
71050,KOSPI,한국금융지주
71055,KOSPI,한국금융지주우
10040,KOSPI,한국내화
25540,KOSPI,한국단자
4090,KOSPI,한국석유
2200,KOSPI,한국수출포장
2960,KOSPI,한국쉘석유
240,KOSPI,한국앤컴퍼니
123890,KOSPI,한국자산신탁
15760,KOSPI,한국전력
6200,KOSPI,한국전자홀딩스
9540,KOSPI,한국조선해양
23350,KOSPI,한국종합기술
25890,KOSPI,한국주강
970,KOSPI,한국주철관
104700,KOSPI,한국철강
17960,KOSPI,한국카본
161890,KOSPI,한국콜마
24720,KOSPI,한국콜마홀딩스
161390,KOSPI,한국타이어앤테크놀로지
34830,KOSPI,한국토지신탁
7280,KOSPI,한국특수형강
168490,KOSPI,한국패러랠
10100,KOSPI,한국프랜지
47810,KOSPI,한국항공우주
123690,KOSPI,한국화장품
3350,KOSPI,한국화장품제조
11500,KOSPI,한농화성
2390,KOSPI,한독
14790,KOSPI,한라
60980,KOSPI,한라홀딩스
53690,KOSPI,한미글로벌
42700,KOSPI,한미반도체
8930,KOSPI,한미사이언스
128940,KOSPI,한미약품
9240,KOSPI,한샘
20000,KOSPI,한섬
3680,KOSPI,한성기업
105630,KOSPI,한세실업
69640,KOSPI,한세엠케이
16450,KOSPI,한세예스24홀딩스
10420,KOSPI,한솔PNS
9180,KOSPI,한솔로지스틱스
213500,KOSPI,한솔제지
14680,KOSPI,한솔케미칼
4710,KOSPI,한솔테크닉스
4150,KOSPI,한솔홀딩스
25750,KOSPI,한솔홈데코
4960,KOSPI,한신공영
11700,KOSPI,한신기계
1750,KOSPI,한양증권
1755,KOSPI,한양증권우
18880,KOSPI,한온시스템
9420,KOSPI,한올바이오파마
14130,KOSPI,한익스프레스
300720,KOSPI,한일시멘트
2220,KOSPI,한일철강
6390,KOSPI,한일현대시멘트
3300,KOSPI,한일홀딩스
51600,KOSPI,한전KPS
52690,KOSPI,한전기술
130660,KOSPI,한전산업
2320,KOSPI,한진
97230,KOSPI,한진중공업
3480,KOSPI,한진중공업홀딩스
180640,KOSPI,한진칼
18064K,KOSPI,한진칼우
5110,KOSPI,한창
9460,KOSPI,한창제지
880,KOSPI,한화
00088K,KOSPI,한화3우B
88350,KOSPI,한화생명
370,KOSPI,한화손해보험
9830,KOSPI,한화솔루션
9835,KOSPI,한화솔루션우
272210,KOSPI,한화시스템
12450,KOSPI,한화에어로스페이스
885,KOSPI,한화우
3530,KOSPI,한화투자증권
3535,KOSPI,한화투자증권우
195870,KOSPI,해성디에스
101530,KOSPI,해태제과식품
143210,KOSPI,핸즈코퍼레이션
720,KOSPI,현대건설
267270,KOSPI,현대건설기계
725,KOSPI,현대건설우
5440,KOSPI,현대그린푸드
86280,KOSPI,현대글로비스
64350,KOSPI,현대로템
79430,KOSPI,현대리바트
12330,KOSPI,현대모비스
10620,KOSPI,현대미포조선
69960,KOSPI,현대백화점
4560,KOSPI,현대비앤지스틸
4565,KOSPI,현대비앤지스틸우
11760,KOSPI,현대상사
4310,KOSPI,현대약품
322000,KOSPI,현대에너지솔루션
17800,KOSPI,현대엘리베이
307950,KOSPI,현대오토에버
11210,KOSPI,현대위아
267260,KOSPI,현대일렉트릭
4020,KOSPI,현대제철
267250,KOSPI,현대중공업지주
5380,KOSPI,현대차
5387,KOSPI,현대차2우B
5389,KOSPI,현대차3우B
5385,KOSPI,현대차우
1500,KOSPI,현대차증권
227840,KOSPI,현대코퍼레이션홀딩스
126560,KOSPI,현대퓨처넷
1450,KOSPI,현대해상
57050,KOSPI,현대홈쇼핑
93240,KOSPI,형지엘리트
3010,KOSPI,혜인
111110,KOSPI,호전실업
8770,KOSPI,호텔신라
8775,KOSPI,호텔신라우
2460,KOSPI,화성산업
13520,KOSPI,화승알앤에이
241590,KOSPI,화승엔터프라이즈
6060,KOSPI,화승인더
10690,KOSPI,화신
133820,KOSPI,화인베스틸
10660,KOSPI,화천기계
850,KOSPI,화천기공
16580,KOSPI,환인제약
32560,KOSPI,황금에스티
4800,KOSPI,효성
94280,KOSPI,효성ITX
298040,KOSPI,효성중공업
298050,KOSPI,효성첨단소재
298020,KOSPI,효성티앤씨
298000,KOSPI,효성화학
93370,KOSPI,후성
81660,KOSPI,휠라홀딩스
5870,KOSPI,휴니드
79980,KOSPI,휴비스
5010,KOSPI,휴스틸
69260,KOSPI,휴켐스
215620,KOSPI,흥국 S&P코리아로우볼
540,KOSPI,흥국화재
547,KOSPI,흥국화재2우B
545,KOSPI,흥국화재우
3280,KOSPI,흥아해운
60310,KOSDAQ,3S
54620,KOSDAQ,APS홀딩스
265520,KOSDAQ,AP시스템
211270,KOSDAQ,AP위성
35760,KOSDAQ,CJ ENM
51500,KOSDAQ,CJ프레시웨이
58820,KOSDAQ,CMG제약
23460,KOSDAQ,CNH
65770,KOSDAQ,CS
83660,KOSDAQ,CSA 코스믹
68790,KOSDAQ,DMS
241520,KOSDAQ,DSC인베스트먼트
245620,KOSDAQ,EDGC
37370,KOSDAQ,EG
79190,KOSDAQ,EMW
130500,KOSDAQ,GH신소재
900290,KOSDAQ,GRT
83450,KOSDAQ,GST
28150,KOSDAQ,GS홈쇼핑
45890,KOSDAQ,GV
78150,KOSDAQ,HB테크놀러지
36640,KOSDAQ,HRS
95340,KOSDAQ,ISC
99520,KOSDAQ,ITX-AI
950170,KOSDAQ,JTC
67290,KOSDAQ,JW신약
35900,KOSDAQ,JYP Ent.
24840,KOSDAQ,KBI메탈
24120,KOSDAQ,KB오토시스
21320,KOSDAQ,KCC건설
36670,KOSDAQ,KCI
44180,KOSDAQ,KD
151860,KOSDAQ,KG ETS
46440,KOSDAQ,KG모빌리언스
35600,KOSDAQ,KG이니시스
60720,KOSDAQ,KH바텍
122450,KOSDAQ,KMH
52900,KOSDAQ,KMH하이텍
58400,KOSDAQ,KNN
114450,KOSDAQ,KPX생명과학
36030,KOSDAQ,KTH
60370,KOSDAQ,KT서브마린
65150,KOSDAQ,MP그룹
219550,KOSDAQ,MP한강
160550,KOSDAQ,NEW
53290,KOSDAQ,NE능률
104200,KOSDAQ,NHN벅스
60250,KOSDAQ,NHN한국사이버결제
30190,KOSDAQ,NICE평가정보
78590,KOSDAQ,OQP
178920,KOSDAQ,PI첨단소재
24940,KOSDAQ,PN풍년
218410,KOSDAQ,RFHIC
91340,KOSDAQ,S&K폴리텍
19550,KOSDAQ,SBI인베스트먼트
950110,KOSDAQ,SBI핀테크솔루션즈
46140,KOSDAQ,SBS콘텐츠허브
36120,KOSDAQ,SCI평가정보
99220,KOSDAQ,SDN
36540,KOSDAQ,SFA반도체
255220,KOSDAQ,SG
40610,KOSDAQ,SG&G
49470,KOSDAQ,SGA
184230,KOSDAQ,SGA솔루션즈
16250,KOSDAQ,SGC이테크건설
36490,KOSDAQ,SK머티리얼즈
48550,KOSDAQ,SM C&C
63440,KOSDAQ,SM Life Design
950180,KOSDAQ,SNK
289080,KOSDAQ,SV인베스트먼트
89230,KOSDAQ,THE E&M
161570,KOSDAQ,THE MIDONG
32540,KOSDAQ,TJ미디어
48770,KOSDAQ,TPC
246690,KOSDAQ,TS인베스트먼트
317240,KOSDAQ,TS트릴리온
38340,KOSDAQ,UCI
73570,KOSDAQ,WI
52300,KOSDAQ,W홀딩컴퍼니
57030,KOSDAQ,YBM넷
40300,KOSDAQ,YTN
51390,KOSDAQ,YW
52220,KOSDAQ,iMBC
79940,KOSDAQ,가비아
78890,KOSDAQ,가온미디어
192410,KOSDAQ,감마누
217730,KOSDAQ,강스템바이오텍
114190,KOSDAQ,강원
94480,KOSDAQ,갤럭시아머니트리
63080,KOSDAQ,게임빌
44480,KOSDAQ,경남바이오파마
39240,KOSDAQ,경남스틸
53950,KOSDAQ,경남제약
223310,KOSDAQ,경남제약헬스케어
11040,KOSDAQ,경동제약
24910,KOSDAQ,경창산업
198440,KOSDAQ,고려시멘트
49720,KOSDAQ,고려신용정보
14570,KOSDAQ,고려제약
348150,KOSDAQ,고바이오랩
98460,KOSDAQ,고영
38530,KOSDAQ,골드퍼시픽
900280,KOSDAQ,골든센츄리
215000,KOSDAQ,골프존
121440,KOSDAQ,골프존뉴딘홀딩스
14200,KOSDAQ,광림
26910,KOSDAQ,광진실업
90150,KOSDAQ,광진윈텍
53270,KOSDAQ,구영테크
66620,KOSDAQ,국보디자인
43650,KOSDAQ,국순당
6050,KOSDAQ,국영지앤엠
60480,KOSDAQ,국일신동
78130,KOSDAQ,국일제지
307750,KOSDAQ,국전약품
204020,KOSDAQ,그리티
186230,KOSDAQ,그린플러스
900070,KOSDAQ,글로벌에스엠
204620,KOSDAQ,글로벌텍스프리
19660,KOSDAQ,글로본
32860,KOSDAQ,글로스퍼랩스
53260,KOSDAQ,금강철강
36190,KOSDAQ,금화피에스시
49080,KOSDAQ,기가레인
35460,KOSDAQ,기산텔레콤
308100,KOSDAQ,까스텔바작
187790,KOSDAQ,나노
286750,KOSDAQ,나노브릭
151910,KOSDAQ,나노스
121600,KOSDAQ,나노신소재
39860,KOSDAQ,나노엔텍
91970,KOSDAQ,나노캠텍
51490,KOSDAQ,나라엠앤디
190510,KOSDAQ,나무가
242040,KOSDAQ,나무기술
89600,KOSDAQ,나스미디어
293580,KOSDAQ,나우IB
138610,KOSDAQ,나이벡
130580,KOSDAQ,나이스디앤비
36800,KOSDAQ,나이스정보통신
267320,KOSDAQ,나인테크
111710,KOSDAQ,남화산업
91590,KOSDAQ,남화토건
168330,KOSDAQ,내츄럴엔도텍
56000,KOSDAQ,네스엠
253590,KOSDAQ,네오셈
212560,KOSDAQ,네오오토
95660,KOSDAQ,네오위즈
42420,KOSDAQ,네오위즈홀딩스
311390,KOSDAQ,네오크레마
85910,KOSDAQ,네오티스
92730,KOSDAQ,네오팜
290660,KOSDAQ,네오펙트
306620,KOSDAQ,네온테크
153460,KOSDAQ,네이블
7390,KOSDAQ,네이처셀
33640,KOSDAQ,네패스
330860,KOSDAQ,네패스아크
89140,KOSDAQ,넥스턴
65170,KOSDAQ,넥스트BT
137940,KOSDAQ,넥스트아이
348210,KOSDAQ,넥스틴
41140,KOSDAQ,넥슨지티
217270,KOSDAQ,넵튠
225570,KOSDAQ,넷게임즈
104620,KOSDAQ,노랑풍선
194700,KOSDAQ,노바렉스
285490,KOSDAQ,노바텍
278650,KOSDAQ,노터스
144510,KOSDAQ,녹십자랩셀
31390,KOSDAQ,녹십자셀
142280,KOSDAQ,녹십자엠에스
234690,KOSDAQ,녹십자웰빙
65560,KOSDAQ,녹원씨엔아이
54050,KOSDAQ,농우바이오
40160,KOSDAQ,누리텔레콤
69140,KOSDAQ,누리플랜
126870,KOSDAQ,뉴로스
60260,KOSDAQ,뉴보텍
12340,KOSDAQ,뉴인텍
214870,KOSDAQ,뉴지랩
270870,KOSDAQ,뉴트리
144960,KOSDAQ,뉴파워프라즈마
900100,KOSDAQ,뉴프라이드
85670,KOSDAQ,뉴프렉스
119860,KOSDAQ,다나와
64260,KOSDAQ,다날
93640,KOSDAQ,다믈멀티미디어
39560,KOSDAQ,다산네트웍스
32190,KOSDAQ,다우데이타
68240,KOSDAQ,다원시스
20400,KOSDAQ,대동금속
8830,KOSDAQ,대동기어
48470,KOSDAQ,대동스틸
4780,KOSDAQ,대륙제관
17650,KOSDAQ,대림제지
7720,KOSDAQ,대명소노시즌
317850,KOSDAQ,대모
290670,KOSDAQ,대보마그네틱
78140,KOSDAQ,대봉엘에스
36480,KOSDAQ,대성미생물
25440,KOSDAQ,대성엘텍
27830,KOSDAQ,대성창투
104040,KOSDAQ,대성파인텍
20180,KOSDAQ,대신정보통신
45390,KOSDAQ,대아티아이
108380,KOSDAQ,대양전기공업
6580,KOSDAQ,대양제지
7680,KOSDAQ,대원
48910,KOSDAQ,대원미디어
5710,KOSDAQ,대원산업
290380,KOSDAQ,대유
290120,KOSDAQ,대유에이피
120240,KOSDAQ,대정화금
3310,KOSDAQ,대주산업
78600,KOSDAQ,대주전자재료
96350,KOSDAQ,대창솔루션
140520,KOSDAQ,대창스틸
131220,KOSDAQ,대한과학
10170,KOSDAQ,대한광통신
60900,KOSDAQ,대한그린파워
54670,KOSDAQ,대한뉴팜
23910,KOSDAQ,대한약품
21040,KOSDAQ,대호피앤씨
21045,KOSDAQ,대호피앤씨우
67080,KOSDAQ,대화제약
298540,KOSDAQ,더네이쳐홀딩스
299170,KOSDAQ,더블유에스아이
35290,KOSDAQ,더블유에프엠
213420,KOSDAQ,덕산네오룩스
317330,KOSDAQ,덕산테코피아
77360,KOSDAQ,덕산하이메탈
90410,KOSDAQ,덕신하우징
263600,KOSDAQ,덕우전자
194480,KOSDAQ,데브시스터즈
263800,KOSDAQ,데이타솔루션
139050,KOSDAQ,데일리블록체인
206560,KOSDAQ,덱스터
261200,KOSDAQ,덴티스
67990,KOSDAQ,도이치모터스
6620,KOSDAQ,동구바이오제약
100130,KOSDAQ,동국S&C
5160,KOSDAQ,동국산업
75970,KOSDAQ,동국알앤에스
86450,KOSDAQ,동국제약
99410,KOSDAQ,동방선기
33500,KOSDAQ,동성화인텍
25950,KOSDAQ,동신건설
88130,KOSDAQ,동아엘텍
41930,KOSDAQ,동아화성
60380,KOSDAQ,동양에스텍
79960,KOSDAQ,동양이엔피
228340,KOSDAQ,동양파일
88910,KOSDAQ,동우팜투테이블
94170,KOSDAQ,동운아나텍
13120,KOSDAQ,동원개발
109860,KOSDAQ,동일금속
32960,KOSDAQ,동일기연
23790,KOSDAQ,동일철강
5290,KOSDAQ,동진쎄미켐
25900,KOSDAQ,동화기업
73190,KOSDAQ,듀오백
30350,KOSDAQ,드래곤플라이
203650,KOSDAQ,드림시큐리티
223250,KOSDAQ,드림씨아이에스
60570,KOSDAQ,드림어스컴퍼니
217620,KOSDAQ,디딤
187870,KOSDAQ,디바이스이엔지
66670,KOSDAQ,디스플레이텍
110990,KOSDAQ,디아이티
263690,KOSDAQ,디알젬
214680,KOSDAQ,디알텍
263720,KOSDAQ,디앤씨미디어
109740,KOSDAQ,디에스케이
33430,KOSDAQ,디에스티
131030,KOSDAQ,디에이치피코리아
196490,KOSDAQ,디에이테크놀로지
66900,KOSDAQ,디에이피
127120,KOSDAQ,디엔에이링크
92070,KOSDAQ,디엔에프
134580,KOSDAQ,디엠티
39840,KOSDAQ,디오
196450,KOSDAQ,디오스텍
104460,KOSDAQ,디와이피엔에프
79810,KOSDAQ,디이엔티
227100,KOSDAQ,디자인
113810,KOSDAQ,디젠스
43360,KOSDAQ,디지아이
197140,KOSDAQ,디지캡
106520,KOSDAQ,디지탈옵틱
68930,KOSDAQ,디지털대성
33130,KOSDAQ,디지틀조선
105740,KOSDAQ,디케이락
263020,KOSDAQ,디케이앤디
290550,KOSDAQ,디케이티
187220,KOSDAQ,디티앤씨
131180,KOSDAQ,딜리
317120,KOSDAQ,라닉스
42510,KOSDAQ,라온시큐어
300120,KOSDAQ,라온피플
50120,KOSDAQ,라이브플렉스
171120,KOSDAQ,라이온켐텍
69540,KOSDAQ,라이트론
214260,KOSDAQ,라파스
171010,KOSDAQ,램테크놀러지
84650,KOSDAQ,랩지노믹스
217500,KOSDAQ,러셀
33600,KOSDAQ,럭슬
141080,KOSDAQ,레고켐바이오
60300,KOSDAQ,레드로버
38390,KOSDAQ,레드캡투어
294140,KOSDAQ,레몬
228670,KOSDAQ,레이
228850,KOSDAQ,레이언스
281740,KOSDAQ,레이크머티리얼즈
215100,KOSDAQ,로보로보
90360,KOSDAQ,로보스타
108490,KOSDAQ,로보티즈
900260,KOSDAQ,로스웰
67730,KOSDAQ,로지시스
71280,KOSDAQ,로체시스템즈
38060,KOSDAQ,루멘스
85370,KOSDAQ,루트로닉
60240,KOSDAQ,룽투코리아
58470,KOSDAQ,리노공업
39980,KOSDAQ,리노스
19570,KOSDAQ,리더스 기술투자
16100,KOSDAQ,리더스코스메틱
12700,KOSDAQ,리드코프
302550,KOSDAQ,리메드
29480,KOSDAQ,릭스솔루션
277070,KOSDAQ,린드먼아시아
42500,KOSDAQ,링네트
219420,KOSDAQ,링크제니시스
195500,KOSDAQ,마니커에프앤지
222810,KOSDAQ,마이더스AI
305090,KOSDAQ,마이크로디지탈
98120,KOSDAQ,마이크로컨텍솔
147760,KOSDAQ,마이크로프랜드
38290,KOSDAQ,마크로젠
267980,KOSDAQ,매일유업
5990,KOSDAQ,매일홀딩스
127160,KOSDAQ,매직마이크로
93520,KOSDAQ,매커스
141070,KOSDAQ,맥스로텍
100590,KOSDAQ,머큐리
67280,KOSDAQ,멀티캠퍼스
72870,KOSDAQ,메가스터디
215200,KOSDAQ,메가스터디교육
133750,KOSDAQ,메가엠디
235980,KOSDAQ,메드팩토
41920,KOSDAQ,메디아나
14100,KOSDAQ,메디앙스
54180,KOSDAQ,메디콕스
86900,KOSDAQ,메디톡스
78160,KOSDAQ,메디포스트
65650,KOSDAQ,메디프론
21880,KOSDAQ,메이슨캐피탈
140410,KOSDAQ,메지온
241770,KOSDAQ,메카로
59210,KOSDAQ,메타바이오메드
327260,KOSDAQ,메탈라이프
58110,KOSDAQ,멕아이씨에스
96640,KOSDAQ,멜파스
257370,KOSDAQ,명성티엔에스
80420,KOSDAQ,모다이노칩
80160,KOSDAQ,모두투어
100030,KOSDAQ,모바일리더
87260,KOSDAQ,모바일어플라이언스
101330,KOSDAQ,모베이스
12860,KOSDAQ,모베이스전자
250060,KOSDAQ,모비스
33200,KOSDAQ,모아텍
118990,KOSDAQ,모트렉스
6920,KOSDAQ,모헨즈
1810,KOSDAQ,무림SP
279600,KOSDAQ,미디어젠
28040,KOSDAQ,미래SCI
95500,KOSDAQ,미래나노텍
218150,KOSDAQ,미래생명자원
100790,KOSDAQ,미래에셋벤처투자
49950,KOSDAQ,미래컴퍼니
213090,KOSDAQ,미래테크놀로지
207760,KOSDAQ,미스터블루
59090,KOSDAQ,미코
214610,KOSDAQ,미코바이오메드
201490,KOSDAQ,미투온
950190,KOSDAQ,미투젠
214180,KOSDAQ,민앤지
206640,KOSDAQ,바디텍메드
18700,KOSDAQ,바른손
35620,KOSDAQ,바른손이앤에이
64520,KOSDAQ,바른전자
53030,KOSDAQ,바이넥스
301300,KOSDAQ,바이브컴퍼니
64550,KOSDAQ,바이오니아
208710,KOSDAQ,바이오로그디바이스
142760,KOSDAQ,바이오리더스
86820,KOSDAQ,바이오솔루션
38460,KOSDAQ,바이오스마트
86040,KOSDAQ,바이오톡스텍
32980,KOSDAQ,바이온
43150,KOSDAQ,바텍
323990,KOSDAQ,박셀바이오
267790,KOSDAQ,배럴
46310,KOSDAQ,백금T&A
36620,KOSDAQ,버추얼텍
66410,KOSDAQ,버킷스튜디오
206400,KOSDAQ,베노홀딩스
19010,KOSDAQ,베뉴지
177350,KOSDAQ,베셀
299910,KOSDAQ,베스파
225530,KOSDAQ,보광산업
250000,KOSDAQ,보라티알
6910,KOSDAQ,보성파워텍
226340,KOSDAQ,본느
14470,KOSDAQ,부방
8470,KOSDAQ,부스타
100120,KOSDAQ,뷰웍스
337930,KOSDAQ,브랜드엑스코퍼레이션
66980,KOSDAQ,브레인콘텐츠
64480,KOSDAQ,브리지텍
288330,KOSDAQ,브릿지바이오테라퓨틱스
251630,KOSDAQ,브이원텍
18290,KOSDAQ,브이티지엠피
263920,KOSDAQ,블러썸엠앤씨
33560,KOSDAQ,블루콤
126340,KOSDAQ,비나텍
121800,KOSDAQ,비덴트
148140,KOSDAQ,비디아이
82800,KOSDAQ,비보존 헬스케어
318410,KOSDAQ,비비씨
200780,KOSDAQ,비씨월드제약
141000,KOSDAQ,비아트론
90460,KOSDAQ,비에이치
83650,KOSDAQ,비에이치아이
86670,KOSDAQ,비엠티
335890,KOSDAQ,비올
138580,KOSDAQ,비즈니스온
82920,KOSDAQ,비츠로셀
54220,KOSDAQ,비츠로시스
42370,KOSDAQ,비츠로테크
32850,KOSDAQ,비트컴퓨터
238200,KOSDAQ,비피도
93190,KOSDAQ,빅솔론
65450,KOSDAQ,빅텍
72950,KOSDAQ,빛샘전자
143240,KOSDAQ,사람인에이치알
100090,KOSDAQ,삼강엠앤티
122350,KOSDAQ,삼기
14970,KOSDAQ,삼륭물산
18310,KOSDAQ,삼목에스폼
53700,KOSDAQ,삼보모터스
9620,KOSDAQ,삼보산업
23600,KOSDAQ,삼보판지
111870,KOSDAQ,삼본전자
9300,KOSDAQ,삼아제약
225190,KOSDAQ,삼양옵틱스
54540,KOSDAQ,삼영엠텍
65570,KOSDAQ,삼영이엔씨
32280,KOSDAQ,삼일
2290,KOSDAQ,삼일기업공사
37460,KOSDAQ,삼지전자
32750,KOSDAQ,삼진
54090,KOSDAQ,삼진엘앤디
250,KOSDAQ,삼천당제약
24950,KOSDAQ,삼천리자전거
38500,KOSDAQ,삼표시멘트
17480,KOSDAQ,삼현철강
46390,KOSDAQ,삼화네트웍스
27580,KOSDAQ,상보
38540,KOSDAQ,상상인
101000,KOSDAQ,상상인인더스트리
91580,KOSDAQ,상신이디피
263810,KOSDAQ,상신전자
89980,KOSDAQ,상아프론테크
42940,KOSDAQ,상지카일룸
42600,KOSDAQ,새로닉스
263540,KOSDAQ,샘코
294630,KOSDAQ,서남
38070,KOSDAQ,서린바이오
6730,KOSDAQ,서부T&D
79650,KOSDAQ,서산
100660,KOSDAQ,서암기계공업
19770,KOSDAQ,서연탑메탈
43710,KOSDAQ,서울리거
92190,KOSDAQ,서울바이오시스
46890,KOSDAQ,서울반도체
63170,KOSDAQ,서울옥션
27040,KOSDAQ,서울전자통신
18680,KOSDAQ,서울제약
93920,KOSDAQ,서원인텍
189860,KOSDAQ,서전기전
178320,KOSDAQ,서진시스템
122690,KOSDAQ,서진오토모티브
140070,KOSDAQ,서플러스글로벌
11370,KOSDAQ,서한
65710,KOSDAQ,서호전기
35890,KOSDAQ,서희건설
357550,KOSDAQ,석경에이티
3100,KOSDAQ,선광
123420,KOSDAQ,선데이토즈
171090,KOSDAQ,선익시스템
14620,KOSDAQ,성광벤드
37350,KOSDAQ,성도이엔지
81580,KOSDAQ,성우전자
45300,KOSDAQ,성우테크론
15750,KOSDAQ,성우하이텍
80470,KOSDAQ,성창오토텍
43260,KOSDAQ,성호전자
148150,KOSDAQ,세경하이테크
53060,KOSDAQ,세동
17510,KOSDAQ,세명전기
214310,KOSDAQ,세미콘라이트
11560,KOSDAQ,세보엠이씨
100700,KOSDAQ,세운메디칼
234100,KOSDAQ,세원
24830,KOSDAQ,세원물산
258830,KOSDAQ,세종메디칼
36630,KOSDAQ,세종텔레콤
39310,KOSDAQ,세중
67770,KOSDAQ,세진티에스
53450,KOSDAQ,세코닉스
234340,KOSDAQ,세틀뱅크
252500,KOSDAQ,세화피앤씨
347000,KOSDAQ,센코
51980,KOSDAQ,센트럴바이오
331920,KOSDAQ,셀레믹스
49180,KOSDAQ,셀루메드
299660,KOSDAQ,셀리드
268600,KOSDAQ,셀리버리
108860,KOSDAQ,셀바스AI
208370,KOSDAQ,셀바스헬스케어
68760,KOSDAQ,셀트리온제약
91990,KOSDAQ,셀트리온헬스케어
290690,KOSDAQ,소룩스
53110,KOSDAQ,소리바다
950200,KOSDAQ,소마젠(Reg.S)
32680,KOSDAQ,소프트센
32685,KOSDAQ,소프트센우
258790,KOSDAQ,소프트캠프
66910,KOSDAQ,손오공
43100,KOSDAQ,솔고바이오
154040,KOSDAQ,솔루에타
35610,KOSDAQ,솔본
357780,KOSDAQ,솔브레인
36830,KOSDAQ,솔브레인홀딩스
304100,KOSDAQ,솔트룩스
86980,KOSDAQ,쇼박스
50960,KOSDAQ,수산아이앤티
84180,KOSDAQ,수성
253840,KOSDAQ,수젠텍
58530,KOSDAQ,슈펙스비앤피
236200,KOSDAQ,슈프리마
317770,KOSDAQ,슈프리마아이디
94840,KOSDAQ,슈프리마에이치큐
192440,KOSDAQ,슈피겐코리아
99440,KOSDAQ,스맥
33790,KOSDAQ,스카이문스테크놀로지
131100,KOSDAQ,스카이이앤엠
159910,KOSDAQ,스킨앤스킨
158310,KOSDAQ,스타모빌리티
115570,KOSDAQ,스타플렉스
253450,KOSDAQ,스튜디오드래곤
204630,KOSDAQ,스튜디오산타클로스
13810,KOSDAQ,스페코
49830,KOSDAQ,승일
20710,KOSDAQ,시공테크
33170,KOSDAQ,시그네틱스
48870,KOSDAQ,시너지이노베이션
25320,KOSDAQ,시노펙스
269620,KOSDAQ,시스웍
131090,KOSDAQ,시큐브
290520,KOSDAQ,신도기연
1000,KOSDAQ,신라섬유
25870,KOSDAQ,신라에스지
215600,KOSDAQ,신라젠
65350,KOSDAQ,신성델타테크
2800,KOSDAQ,신신제약
17000,KOSDAQ,신원종합개발
12790,KOSDAQ,신일제약
138070,KOSDAQ,신진에스엠
226330,KOSDAQ,신테카바이오
56700,KOSDAQ,신화인터텍
187270,KOSDAQ,신화콘텍
243840,KOSDAQ,신흥에스이씨
108320,KOSDAQ,실리콘웍스
222800,KOSDAQ,심텍
36710,KOSDAQ,심텍홀딩스
160980,KOSDAQ,싸이맥스
217330,KOSDAQ,싸이토젠
10280,KOSDAQ,쌍용정보통신
208640,KOSDAQ,썸에이지
222420,KOSDAQ,쎄노텍
37760,KOSDAQ,쎄니트
136510,KOSDAQ,쎄미시스코
99320,KOSDAQ,쎄트렉아이
49960,KOSDAQ,쎌바이오텍
50890,KOSDAQ,쏠리드
66790,KOSDAQ,씨씨에스
222080,KOSDAQ,씨아이에스
264660,KOSDAQ,씨앤지하이테크
297090,KOSDAQ,씨에스베어링
115530,KOSDAQ,씨엔플러스
225330,KOSDAQ,씨엠에스에듀
115480,KOSDAQ,씨유메디칼
96530,KOSDAQ,씨젠
900120,KOSDAQ,씨케이에이치
101240,KOSDAQ,씨큐브
60590,KOSDAQ,씨티씨바이오
260930,KOSDAQ,씨티케이코스메틱스
13990,KOSDAQ,아가방컴퍼니
123860,KOSDAQ,아나패스
25980,KOSDAQ,아난티
50320,KOSDAQ,아래스
58220,KOSDAQ,아리온
125210,KOSDAQ,아모그린텍
52710,KOSDAQ,아모텍
74430,KOSDAQ,아미노로직스
92040,KOSDAQ,아미코젠
83930,KOSDAQ,아바코
149950,KOSDAQ,아바텍
36010,KOSDAQ,아비코전자
50860,KOSDAQ,아세아텍
246720,KOSDAQ,아스타
67390,KOSDAQ,아스트
127710,KOSDAQ,아시아경제
154030,KOSDAQ,아시아종묘
227610,KOSDAQ,아우딘퓨쳐스
143160,KOSDAQ,아이디스
54800,KOSDAQ,아이디스홀딩스
332370,KOSDAQ,아이디피
339950,KOSDAQ,아이비김영
99190,KOSDAQ,아이센스
289010,KOSDAQ,아이스크림에듀
214430,KOSDAQ,아이쓰리시스템
40910,KOSDAQ,아이씨디
68940,KOSDAQ,아이씨케이
52860,KOSDAQ,아이앤씨
69920,KOSDAQ,아이에스이커머스
38880,KOSDAQ,아이에이
123010,KOSDAQ,아이에이네트웍스
307180,KOSDAQ,아이엘사이언스
101390,KOSDAQ,아이엠
90740,KOSDAQ,아이엠이연이
226350,KOSDAQ,아이엠텍
78860,KOSDAQ,아이오케이
114810,KOSDAQ,아이원스
31310,KOSDAQ,아이즈비전
185490,KOSDAQ,아이진
59100,KOSDAQ,아이컴포넌트
175250,KOSDAQ,아이큐어
52460,KOSDAQ,아이크래프트
119830,KOSDAQ,아이텍
52770,KOSDAQ,아이톡시
124500,KOSDAQ,아이티센
84850,KOSDAQ,아이티엠반도체
27360,KOSDAQ,아주IB투자
32080,KOSDAQ,아즈텍WB
13310,KOSDAQ,아진산업
59120,KOSDAQ,아진엑스텍
158430,KOSDAQ,아톤
67160,KOSDAQ,아프리카TV
1540,KOSDAQ,안국약품
53800,KOSDAQ,안랩
65660,KOSDAQ,안트로젠
297570,KOSDAQ,알로이스
260660,KOSDAQ,알리코제약
131370,KOSDAQ,알서포트
140670,KOSDAQ,알에스오토메이션
96610,KOSDAQ,알에프세미
61040,KOSDAQ,알에프텍
148250,KOSDAQ,알엔투테크놀로지
347860,KOSDAQ,알체라
196170,KOSDAQ,알테오젠
123750,KOSDAQ,알톤스포츠
85810,KOSDAQ,알티캐스트
117670,KOSDAQ,알파홀딩스
291650,KOSDAQ,압타머사이언스
293780,KOSDAQ,압타바이오
196300,KOSDAQ,애니젠
310200,KOSDAQ,애니플러스
205500,KOSDAQ,액션스퀘어
52790,KOSDAQ,액토즈소프트
131400,KOSDAQ,액트
290740,KOSDAQ,액트로
238090,KOSDAQ,앤디포스
92600,KOSDAQ,앤씨앤
129890,KOSDAQ,앱코
174900,KOSDAQ,앱클론
255440,KOSDAQ,야스
30960,KOSDAQ,양지사
102120,KOSDAQ,어보브반도체
238120,KOSDAQ,얼라인드
19990,KOSDAQ,에너토크
41440,KOSDAQ,에버다임
38680,KOSDAQ,에스넷
217480,KOSDAQ,에스디생명공학
121890,KOSDAQ,에스디시스템
97780,KOSDAQ,에스맥
42110,KOSDAQ,에스씨디
298060,KOSDAQ,에스씨엠생명과학
65420,KOSDAQ,에스아이리소스
103230,KOSDAQ,에스앤더블류
900080,KOSDAQ,에스앤씨엔진그룹
101490,KOSDAQ,에스앤에스텍
95910,KOSDAQ,에스에너지
275630,KOSDAQ,에스에스알
31330,KOSDAQ,에스에이엠티
60540,KOSDAQ,에스에이티
56190,KOSDAQ,에스에프에이
80000,KOSDAQ,에스엔유
41510,KOSDAQ,에스엠
7820,KOSDAQ,에스엠코어
109610,KOSDAQ,에스와이
306040,KOSDAQ,에스제이그룹
80440,KOSDAQ,에스제이케이
96630,KOSDAQ,에스코넥
69510,KOSDAQ,에스텍
41910,KOSDAQ,에스텍파마
234300,KOSDAQ,에스트래픽
39440,KOSDAQ,에스티아이
98660,KOSDAQ,에스티오
52020,KOSDAQ,에스티큐브
237690,KOSDAQ,에스티팜
50760,KOSDAQ,에스폴리텍
288620,KOSDAQ,에스퓨얼셀
317830,KOSDAQ,에스피시스템스
58610,KOSDAQ,에스피지
43340,KOSDAQ,에쎈테크
54630,KOSDAQ,에이디칩스
200710,KOSDAQ,에이디테크놀로지
96690,KOSDAQ,에이루트
298380,KOSDAQ,에이비엘바이오
195990,KOSDAQ,에이비프로바이오
3800,KOSDAQ,에이스침대
88800,KOSDAQ,에이스테크
241840,KOSDAQ,에이스토리
138360,KOSDAQ,에이씨티
39230,KOSDAQ,에이아이비트
312610,KOSDAQ,에이에프더블류
72990,KOSDAQ,에이치시티
176440,KOSDAQ,에이치엔티
28300,KOSDAQ,에이치엘비
67630,KOSDAQ,에이치엘비생명과학
47920,KOSDAQ,에이치엘비제약
43220,KOSDAQ,에이치엘비파워
239610,KOSDAQ,에이치엘사이언스
44780,KOSDAQ,에이치케이
71670,KOSDAQ,에이테크솔루션
45660,KOSDAQ,에이텍
224110,KOSDAQ,에이텍티앤
230980,KOSDAQ,에이트원
21080,KOSDAQ,에이티넘인베스트
89530,KOSDAQ,에이티세미콘
200470,KOSDAQ,에이팩트
73070,KOSDAQ,에이팸
262260,KOSDAQ,에이프로
109960,KOSDAQ,에이프로젠 H&G
89970,KOSDAQ,에이피티씨
230240,KOSDAQ,에치에프알
64510,KOSDAQ,에코마이스터
230360,KOSDAQ,에코마케팅
38870,KOSDAQ,에코바이오
128540,KOSDAQ,에코캡
86520,KOSDAQ,에코프로
247540,KOSDAQ,에코프로비엠
38110,KOSDAQ,에코플라스틱
73540,KOSDAQ,에프알텍
64850,KOSDAQ,에프앤가이드
64090,KOSDAQ,에프앤리퍼블릭
36810,KOSDAQ,에프에스티
173940,KOSDAQ,에프엔씨엔터
83500,KOSDAQ,에프엔에스테크
54940,KOSDAQ,엑사이엔씨
950130,KOSDAQ,엑세스바이오
205100,KOSDAQ,엑셈
70300,KOSDAQ,엑스큐어
92870,KOSDAQ,엑시콘
317870,KOSDAQ,엔바이오니아
67570,KOSDAQ,엔브이에이치코리아
101400,KOSDAQ,엔시트론
217820,KOSDAQ,엔에스
31860,KOSDAQ,엔에스엔
265740,KOSDAQ,엔에프씨
354200,KOSDAQ,엔젠바이오
208860,KOSDAQ,엔지스테크널러지
183490,KOSDAQ,엔지켐생명과학
182400,KOSDAQ,엔케이맥스
69410,KOSDAQ,엔텔스
227950,KOSDAQ,엔투텍
198080,KOSDAQ,엔피디
48830,KOSDAQ,엔피케이
96870,KOSDAQ,엘디티
61970,KOSDAQ,엘비세미콘
138690,KOSDAQ,엘아이에스
290650,KOSDAQ,엘앤씨바이오
66970,KOSDAQ,엘앤에프
156100,KOSDAQ,엘앤케이바이오
73110,KOSDAQ,엘엠에스
83310,KOSDAQ,엘오티베큠
297890,KOSDAQ,엘이티
37950,KOSDAQ,엘컴텍
170920,KOSDAQ,엘티씨
58630,KOSDAQ,엠게임
19590,KOSDAQ,엠벤처투자
169330,KOSDAQ,엠브레인
97520,KOSDAQ,엠씨넥스
179290,KOSDAQ,엠아이텍
9780,KOSDAQ,엠에스씨
123040,KOSDAQ,엠에스오토텍
323230,KOSDAQ,엠에프엠코리아
32790,KOSDAQ,엠젠플러스
33160,KOSDAQ,엠케이전자
347890,KOSDAQ,엠투아이
33310,KOSDAQ,엠투엔
259630,KOSDAQ,엠플러스
115960,KOSDAQ,연우
60850,KOSDAQ,영림원소프트랩
7530,KOSDAQ,영신금속
143540,KOSDAQ,영우디에스피
36560,KOSDAQ,영풍정밀
265560,KOSDAQ,영화테크
36000,KOSDAQ,예림당
250930,KOSDAQ,예선테크
53280,KOSDAQ,예스24
122640,KOSDAQ,예스티
900300,KOSDAQ,오가닉티코스메틱
45060,KOSDAQ,오공
80520,KOSDAQ,오디텍
39830,KOSDAQ,오로라
46120,KOSDAQ,오르비텍
14940,KOSDAQ,오리엔탈정공
65500,KOSDAQ,오리엔트정공
10470,KOSDAQ,오리콤
53980,KOSDAQ,오상자이엘
52420,KOSDAQ,오성첨단소재
241790,KOSDAQ,오션브릿지
39200,KOSDAQ,오스코텍
226400,KOSDAQ,오스테오닉
31510,KOSDAQ,오스템
48260,KOSDAQ,오스템임플란트
138080,KOSDAQ,오이솔루션
80580,KOSDAQ,오킨스전자
67170,KOSDAQ,오텍
173130,KOSDAQ,오파스넷
49480,KOSDAQ,오픈베이스
309930,KOSDAQ,오하임아이엔티
244460,KOSDAQ,올리패스
226950,KOSDAQ,올릭스
57540,KOSDAQ,옴니시스템
82210,KOSDAQ,옵트론텍
109080,KOSDAQ,옵티시스
153710,KOSDAQ,옵티팜
122990,KOSDAQ,와이솔
232140,KOSDAQ,와이아이케이
67900,KOSDAQ,와이엔텍
155650,KOSDAQ,와이엠씨
251370,KOSDAQ,와이엠티
66430,KOSDAQ,와이오엠
193250,KOSDAQ,와이제이엠게임즈
273060,KOSDAQ,와이즈버즈
19210,KOSDAQ,와이지-원
122870,KOSDAQ,와이지엔터테인먼트
332570,KOSDAQ,와이팜
79000,KOSDAQ,와토스코리아
114630,KOSDAQ,우노앤컴퍼니
32820,KOSDAQ,우리기술
41190,KOSDAQ,우리기술투자
115440,KOSDAQ,우리넷
46970,KOSDAQ,우리로
82850,KOSDAQ,우리바이오
215360,KOSDAQ,우리산업
72470,KOSDAQ,우리산업홀딩스
73560,KOSDAQ,우리손에프앤지
153490,KOSDAQ,우리이앤엘
37400,KOSDAQ,우리조명
101170,KOSDAQ,우림기계
66590,KOSDAQ,우수AMS
103840,KOSDAQ,우양
46940,KOSDAQ,우원개발
215380,KOSDAQ,우정바이오
65680,KOSDAQ,우주일렉트로
18620,KOSDAQ,우진비앤지
53080,KOSDAQ,원방테크
32940,KOSDAQ,원익
240810,KOSDAQ,원익IPS
74600,KOSDAQ,원익QnC
104830,KOSDAQ,원익머트리얼즈
14190,KOSDAQ,원익큐브
30530,KOSDAQ,원익홀딩스
12620,KOSDAQ,원일특강
8370,KOSDAQ,원풍
8290,KOSDAQ,원풍물산
101160,KOSDAQ,월덱스
95270,KOSDAQ,웨이브일렉트로
65950,KOSDAQ,웰크론
76080,KOSDAQ,웰크론한텍
196700,KOSDAQ,웹스
69080,KOSDAQ,웹젠
53580,KOSDAQ,웹케시
71460,KOSDAQ,위니아딤채
44340,KOSDAQ,위닉스
330350,KOSDAQ,위더스제약
348350,KOSDAQ,위드텍
112040,KOSDAQ,위메이드
65370,KOSDAQ,위세아이텍
38620,KOSDAQ,위즈코프
299900,KOSDAQ,위지윅스튜디오
36090,KOSDAQ,위지트
136540,KOSDAQ,윈스
320000,KOSDAQ,윈텍
97800,KOSDAQ,윈팩
192390,KOSDAQ,윈하이텍
313760,KOSDAQ,윌링스
900340,KOSDAQ,윙입푸드
36200,KOSDAQ,유니셈
18000,KOSDAQ,유니슨
203450,KOSDAQ,유니온커뮤니티
11320,KOSDAQ,유니크
86390,KOSDAQ,유니테스트
241690,KOSDAQ,유니테크노
142210,KOSDAQ,유니트론텍
48430,KOSDAQ,유라테크
206650,KOSDAQ,유바이오로직스
89850,KOSDAQ,유비벨록스
32620,KOSDAQ,유비케어
264450,KOSDAQ,유비쿼스
78070,KOSDAQ,유비쿼스홀딩스
24800,KOSDAQ,유성티엔에스
54930,KOSDAQ,유신
69330,KOSDAQ,유아이디
49520,KOSDAQ,유아이엘
56090,KOSDAQ,유앤아이
263770,KOSDAQ,유에스티
23410,KOSDAQ,유진기업
56080,KOSDAQ,유진로봇
84370,KOSDAQ,유진테크
178780,KOSDAQ,유테크
179900,KOSDAQ,유티아이
263050,KOSDAQ,유틸렉스
191410,KOSDAQ,육일씨엔에쓰
72770,KOSDAQ,율호
39020,KOSDAQ,이건홀딩스
60230,KOSDAQ,이그잭스
67920,KOSDAQ,이글루시큐리티
44960,KOSDAQ,이글벳
302430,KOSDAQ,이노메트리
73490,KOSDAQ,이노와이어리스
86250,KOSDAQ,이노와이즈
215790,KOSDAQ,이노인스트루먼트
246960,KOSDAQ,이노테라피
88390,KOSDAQ,이녹스
272290,KOSDAQ,이녹스첨단소재
53350,KOSDAQ,이니텍
258610,KOSDAQ,이더블유케이
215090,KOSDAQ,이디티
41520,KOSDAQ,이라이콤
264850,KOSDAQ,이랜시스
54210,KOSDAQ,이랜텍
164060,KOSDAQ,이루다
65440,KOSDAQ,이루온
36260,KOSDAQ,이매진아시아
115610,KOSDAQ,이미지스
78020,KOSDAQ,이베스트투자증권
80010,KOSDAQ,이상네트웍스
86890,KOSDAQ,이수앱지스
47560,KOSDAQ,이스트소프트
900110,KOSDAQ,이스트아시아홀딩스
67010,KOSDAQ,이씨에스
52190,KOSDAQ,이에스에이
226360,KOSDAQ,이엑스티
101360,KOSDAQ,이엔드디
102710,KOSDAQ,이엔에프테크놀로지
63760,KOSDAQ,이엘피
87730,KOSDAQ,이엠네트웍스
123570,KOSDAQ,이엠넷
83470,KOSDAQ,이엠앤아이
95190,KOSDAQ,이엠코리아
91120,KOSDAQ,이엠텍
39030,KOSDAQ,이오테크닉스
294090,KOSDAQ,이오플로우
88290,KOSDAQ,이원컴포텍
181340,KOSDAQ,이즈미디어
353810,KOSDAQ,이지바이오
90850,KOSDAQ,이지웰
99750,KOSDAQ,이지케어텍
35810,KOSDAQ,이지홀딩스
160600,KOSDAQ,이큐셀
92130,KOSDAQ,이크레더블
96040,KOSDAQ,이트론
134060,KOSDAQ,이퓨쳐
1840,KOSDAQ,이화공영
24810,KOSDAQ,이화전기
41830,KOSDAQ,인바디
352940,KOSDAQ,인바이오
79950,KOSDAQ,인베니아
277410,KOSDAQ,인산가
60150,KOSDAQ,인선이엔티
33230,KOSDAQ,인성정보
37330,KOSDAQ,인지디스플레
83640,KOSDAQ,인콘
216050,KOSDAQ,인크로스
49070,KOSDAQ,인탑스
119610,KOSDAQ,인터로조
17250,KOSDAQ,인터엠
35080,KOSDAQ,인터파크
51370,KOSDAQ,인터플렉스
64290,KOSDAQ,인텍플러스
189300,KOSDAQ,인텔리안테크
150840,KOSDAQ,인트로메딕
48530,KOSDAQ,인트론바이오
175140,KOSDAQ,인포마크
115310,KOSDAQ,인포바인
39290,KOSDAQ,인포뱅크
41020,KOSDAQ,인프라웨어
71200,KOSDAQ,인피니트헬스케어
101930,KOSDAQ,인화정공
68330,KOSDAQ,일신바이오
58450,KOSDAQ,일야
19540,KOSDAQ,일지테크
94820,KOSDAQ,일진파워
950140,KOSDAQ,잉글우드랩
49550,KOSDAQ,잉크테크
254120,KOSDAQ,자비스
221610,KOSDAQ,자안
43910,KOSDAQ,자연과환경
234920,KOSDAQ,자이글
174880,KOSDAQ,장원테크
49630,KOSDAQ,재영솔루텍
110020,KOSDAQ,전진바이오팜
65530,KOSDAQ,전파기지국
208140,KOSDAQ,정다운
22220,KOSDAQ,정산애강
40420,KOSDAQ,정상제이엘에스
45510,KOSDAQ,정원엔시스
65620,KOSDAQ,제낙스
217190,KOSDAQ,제너셈
95700,KOSDAQ,제넥신
72520,KOSDAQ,제넨바이오
122310,KOSDAQ,제노레이
187420,KOSDAQ,제노포커스
225220,KOSDAQ,제놀루션
123330,KOSDAQ,제닉
159580,KOSDAQ,제로투세븐
147830,KOSDAQ,제룡산업
33100,KOSDAQ,제룡전기
79370,KOSDAQ,제우스
54950,KOSDAQ,제이브이엠
90470,KOSDAQ,제이스텍
137950,KOSDAQ,제이씨케미칼
33320,KOSDAQ,제이씨현시스템
204270,KOSDAQ,제이앤티씨
26040,KOSDAQ,제이에스티나
126880,KOSDAQ,제이엔케이히터
322510,KOSDAQ,제이엘케이
33050,KOSDAQ,제이엠아이
94970,KOSDAQ,제이엠티
58420,KOSDAQ,제이웨이
89790,KOSDAQ,제이티
52670,KOSDAQ,제일바이오
199820,KOSDAQ,제일전기공업
23440,KOSDAQ,제일제강
38010,KOSDAQ,제일테크노스
80220,KOSDAQ,제주반도체
216080,KOSDAQ,제테마
229000,KOSDAQ,젠큐릭스
82270,KOSDAQ,젬백스
64800,KOSDAQ,젬백스링크
41590,KOSDAQ,젬백스지오
44060,KOSDAQ,조광ILI
34940,KOSDAQ,조아제약
101730,KOSDAQ,조이맥스
67000,KOSDAQ,조이시티
33340,KOSDAQ,좋은사람들
36930,KOSDAQ,주성엔지니어링
239340,KOSDAQ,줌인터넷
72020,KOSDAQ,중앙백신
440,KOSDAQ,중앙에너비스
228760,KOSDAQ,지노믹트리
314130,KOSDAQ,지놈앤컴퍼니
43610,KOSDAQ,지니뮤직
263860,KOSDAQ,지니언스
303030,KOSDAQ,지니틱스
36180,KOSDAQ,지더블유바이텍
208350,KOSDAQ,지란지교시큐리티
114570,KOSDAQ,지스마트글로벌
51160,KOSDAQ,지어소프트
53050,KOSDAQ,지에스이
119850,KOSDAQ,지엔씨에너지
270520,KOSDAQ,지엔원에너지
65060,KOSDAQ,지엔코
204840,KOSDAQ,지엘팜텍
111820,KOSDAQ,지와이커머스
115450,KOSDAQ,지트리비앤티
219750,KOSDAQ,지티지웰니스
18120,KOSDAQ,진로발효
109820,KOSDAQ,진매트릭스
86060,KOSDAQ,진바이오텍
36890,KOSDAQ,진성티이씨
7370,KOSDAQ,진양제약
85660,KOSDAQ,차바이오텍
94850,KOSDAQ,참좋은여행
4650,KOSDAQ,창해에탄올
311690,KOSDAQ,천랩
278280,KOSDAQ,천보
96240,KOSDAQ,청담러닝
13720,KOSDAQ,청보산업
66360,KOSDAQ,체리부로
47820,KOSDAQ,초록뱀
94360,KOSDAQ,칩스앤미디어
16920,KOSDAQ,카스
284620,KOSDAQ,카이노스메드
293490,KOSDAQ,카카오게임즈
42000,KOSDAQ,카페24
317530,KOSDAQ,캐리소프트
71850,KOSDAQ,캐스텍코리아
180400,KOSDAQ,캔서롭
50110,KOSDAQ,캠시스
900310,KOSDAQ,컬러레이
78340,KOSDAQ,컴투스
307930,KOSDAQ,컴퍼니케이
263700,KOSDAQ,케어랩스
214370,KOSDAQ,케어젠
221980,KOSDAQ,케이디켐
43290,KOSDAQ,케이맥
192250,KOSDAQ,케이사인
115500,KOSDAQ,케이씨에스
89150,KOSDAQ,케이씨티
25880,KOSDAQ,케이씨피드
93320,KOSDAQ,케이아이엔엑스
73010,KOSDAQ,케이에스피
105330,KOSDAQ,케이엔더블유
272110,KOSDAQ,케이엔제이
39420,KOSDAQ,케이엘넷
83550,KOSDAQ,케이엠
32500,KOSDAQ,케이엠더블유
225430,KOSDAQ,케이엠제약
64820,KOSDAQ,케이프
256940,KOSDAQ,케이피에스
24880,KOSDAQ,케이피에프
42040,KOSDAQ,케이피엠테크
54410,KOSDAQ,케이피티유
274090,KOSDAQ,켄코아에어로스페이스
217600,KOSDAQ,켐온
89010,KOSDAQ,켐트로닉스
220260,KOSDAQ,켐트로스
52400,KOSDAQ,코나아이
33110,KOSDAQ,코너스톤네트웍스
94860,KOSDAQ,코닉글로리
46070,KOSDAQ,코다코
47770,KOSDAQ,코데즈컴바인
78940,KOSDAQ,코드네이처
80530,KOSDAQ,코디
224060,KOSDAQ,코디엠
78650,KOSDAQ,코렌
104540,KOSDAQ,코렌텍
27050,KOSDAQ,코리아나
290510,KOSDAQ,코리아센터
190650,KOSDAQ,코리아에셋투자증권
101670,KOSDAQ,코리아에스이
123410,KOSDAQ,코리아에프티
36690,KOSDAQ,코맥스
49430,KOSDAQ,코메론
183300,KOSDAQ,코미코
41960,KOSDAQ,코미팜
89890,KOSDAQ,코세스
9730,KOSDAQ,코센
82660,KOSDAQ,코스나인
222040,KOSDAQ,코스맥스엔비티
241710,KOSDAQ,코스메카코리아
69110,KOSDAQ,코스온
166480,KOSDAQ,코아스템
45970,KOSDAQ,코아시아
29960,KOSDAQ,코엔텍
102940,KOSDAQ,코오롱생명과학
950160,KOSDAQ,코오롱티슈진
33290,KOSDAQ,코웰패션
56360,KOSDAQ,코위버
282880,KOSDAQ,코윈테크
121850,KOSDAQ,코이즈
15710,KOSDAQ,코콤
52330,KOSDAQ,코텍
322780,KOSDAQ,코퍼스코리아
126600,KOSDAQ,코프라
200130,KOSDAQ,콜마비앤에이치
317690,KOSDAQ,퀀타매트릭스
60280,KOSDAQ,큐렉소
40350,KOSDAQ,큐로컴
51780,KOSDAQ,큐로홀딩스
115180,KOSDAQ,큐리언트
43090,KOSDAQ,큐브앤컴퍼니
182360,KOSDAQ,큐브엔터
66310,KOSDAQ,큐에스아이
16600,KOSDAQ,큐캐피탈
43590,KOSDAQ,크로바하이텍
114120,KOSDAQ,크루셜텍
110790,KOSDAQ,크리스에프앤씨
900250,KOSDAQ,크리스탈신소재
83790,KOSDAQ,크리스탈지노믹스
45520,KOSDAQ,크린앤사이언스
36170,KOSDAQ,클라우드에어
214150,KOSDAQ,클래시스
352770,KOSDAQ,클리노믹스
237880,KOSDAQ,클리오
139670,KOSDAQ,키네마스터
54780,KOSDAQ,키이스트
219130,KOSDAQ,타이거일렉
65130,KOSDAQ,탑엔지니어링
23160,KOSDAQ,태광
53620,KOSDAQ,태양
44490,KOSDAQ,태웅
124560,KOSDAQ,태웅로직스
191420,KOSDAQ,테고사이언스
73640,KOSDAQ,테라사이언스
182690,KOSDAQ,테라셈
66700,KOSDAQ,테라젠이텍스
95610,KOSDAQ,테스
131970,KOSDAQ,테스나
89030,KOSDAQ,테크윙
54450,KOSDAQ,텔레칩스
91440,KOSDAQ,텔레필드
200230,KOSDAQ,텔콘RF제약
215480,KOSDAQ,토박스코리아
51360,KOSDAQ,토비스
45340,KOSDAQ,토탈소프트
108230,KOSDAQ,톱텍
79970,KOSDAQ,투비소프트
105550,KOSDAQ,트루윈
26150,KOSDAQ,특수건설
322180,KOSDAQ,티라유텍
117730,KOSDAQ,티로보틱스
33830,KOSDAQ,티비씨
57680,KOSDAQ,티사이언티픽
64760,KOSDAQ,티씨케이
246710,KOSDAQ,티앤알바이오팹
340570,KOSDAQ,티앤엘
277880,KOSDAQ,티에스아이
131290,KOSDAQ,티에스이
356860,KOSDAQ,티엘비
62860,KOSDAQ,티엘아이
321550,KOSDAQ,티움바이오
104480,KOSDAQ,티케이케미칼
81150,KOSDAQ,티플랙스
130740,KOSDAQ,티피씨글로벌
84730,KOSDAQ,팅크웨어
46210,KOSDAQ,파나진
34230,KOSDAQ,파라다이스
33540,KOSDAQ,파라텍
43200,KOSDAQ,파루
214450,KOSDAQ,파마리서치프로덕트
208340,KOSDAQ,파멥신
177830,KOSDAQ,파버나인
37070,KOSDAQ,파세코
150900,KOSDAQ,파수
37030,KOSDAQ,파워넷
47310,KOSDAQ,파워로직스
170790,KOSDAQ,파이오링크
49120,KOSDAQ,파인디앤씨
38950,KOSDAQ,파인디지털
106240,KOSDAQ,파인테크닉스
131760,KOSDAQ,파인텍
65690,KOSDAQ,파커스
140860,KOSDAQ,파크시스템스
91700,KOSDAQ,파트론
38160,KOSDAQ,팍스넷
32800,KOSDAQ,판타지오
318010,KOSDAQ,팜스빌
27710,KOSDAQ,팜스토리
225590,KOSDAQ,패션플랫폼
54300,KOSDAQ,팬스타엔터프라이즈
68050,KOSDAQ,팬엔터테인먼트
222110,KOSDAQ,팬젠
263750,KOSDAQ,펄어비스
251970,KOSDAQ,펌텍코리아
87010,KOSDAQ,펩트론
43370,KOSDAQ,평화정공
119500,KOSDAQ,포메탈
16670,KOSDAQ,포비스티앤씨
56730,KOSDAQ,포스링크
22100,KOSDAQ,포스코 ICT
9520,KOSDAQ,포스코엠텍
189690,KOSDAQ,포시에스
318020,KOSDAQ,포인트모바일
256630,KOSDAQ,포인트엔지니어링
141020,KOSDAQ,포티스
290720,KOSDAQ,푸드나무
5670,KOSDAQ,푸드웰
94940,KOSDAQ,푸른기술
7330,KOSDAQ,푸른저축은행
93380,KOSDAQ,풍강
23900,KOSDAQ,풍국주정
195440,KOSDAQ,퓨전
214270,KOSDAQ,퓨쳐스트림네트웍스
220100,KOSDAQ,퓨쳐켐
35200,KOSDAQ,프럼파스트
203690,KOSDAQ,프로스테믹스
53610,KOSDAQ,프로텍
335810,KOSDAQ,프리시젼바이오
53160,KOSDAQ,프리엠스
75130,KOSDAQ,플랜티넷
237820,KOSDAQ,플레이디
23770,KOSDAQ,플레이위드
300080,KOSDAQ,플리토
32580,KOSDAQ,피델릭스
51380,KOSDAQ,피씨디렉트
241820,KOSDAQ,피씨엘
237750,KOSDAQ,피앤씨테크
131390,KOSDAQ,피앤이솔루션
24850,KOSDAQ,피에스엠씨
319660,KOSDAQ,피에스케이
31980,KOSDAQ,피에스케이홀딩스
2230,KOSDAQ,피에스텍
347740,KOSDAQ,피엔케이피부임상연구센타
137400,KOSDAQ,피엔티
128660,KOSDAQ,피제이메탈
6140,KOSDAQ,피제이전자
304840,KOSDAQ,피플바이오
62970,KOSDAQ,피피아이
87600,KOSDAQ,픽셀플러스
57880,KOSDAQ,필로시스헬스케어
161580,KOSDAQ,필옵틱스
347770,KOSDAQ,핌스
299030,KOSDAQ,하나기술
67310,KOSDAQ,하나마이크론
166090,KOSDAQ,하나머티리얼즈
136480,KOSDAQ,하림
3380,KOSDAQ,하림지주
149980,KOSDAQ,하이로닉
13030,KOSDAQ,하이록코리아
126700,KOSDAQ,하이비젼시스템
106080,KOSDAQ,하이소닉
221840,KOSDAQ,하이즈항공
106190,KOSDAQ,하이텍팜
66130,KOSDAQ,하츠
4590,KOSDAQ,한국가구
39340,KOSDAQ,한국경제TV
34950,KOSDAQ,한국기업평가
222980,KOSDAQ,한국맥널티
318000,KOSDAQ,한국바이오젠
256840,KOSDAQ,한국비엔씨
25550,KOSDAQ,한국선재
23890,KOSDAQ,한국아트라스비엑스
17890,KOSDAQ,한국알콜
80720,KOSDAQ,한국유니온제약
63570,KOSDAQ,한국전자금융
41460,KOSDAQ,한국전자인증
101680,KOSDAQ,한국정밀기계
39740,KOSDAQ,한국정보공학
53300,KOSDAQ,한국정보인증
25770,KOSDAQ,한국정보통신
23760,KOSDAQ,한국캐피탈
54040,KOSDAQ,한국컴퓨터
50540,KOSDAQ,한국코퍼레이션
21650,KOSDAQ,한국큐빅
53590,KOSDAQ,한국테크놀로지
32300,KOSDAQ,한국파마
37230,KOSDAQ,한국팩키지
30520,KOSDAQ,한글과컴퓨터
52600,KOSDAQ,한네트
256150,KOSDAQ,한독크린텍
92460,KOSDAQ,한라IMS
39670,KOSDAQ,한류타임즈
47080,KOSDAQ,한빛소프트
70590,KOSDAQ,한솔인티큐브
226440,KOSDAQ,한송네오텍
42520,KOSDAQ,한스바이오메드
78350,KOSDAQ,한양디지텍
45100,KOSDAQ,한양이엔지
46110,KOSDAQ,한일네트웍스
24740,KOSDAQ,한일단조
5860,KOSDAQ,한일사료
123840,KOSDAQ,한일진공
7770,KOSDAQ,한일화학
79170,KOSDAQ,한창산업
86960,KOSDAQ,한컴MDS
54920,KOSDAQ,한컴위드
2680,KOSDAQ,한탑
66110,KOSDAQ,한프
102210,KOSDAQ,해덕파워웨이
220630,KOSDAQ,해마로푸드서비스
34810,KOSDAQ,해성산업
76610,KOSDAQ,해성옵틱스
220180,KOSDAQ,핸디소프트
8800,KOSDAQ,행남사
900270,KOSDAQ,헝셩그룹
84990,KOSDAQ,헬릭스미스
170030,KOSDAQ,현대공업
48410,KOSDAQ,현대바이오
52260,KOSDAQ,현대바이오랜드
16790,KOSDAQ,현대사료
39010,KOSDAQ,현대통신
92300,KOSDAQ,현우산업
53660,KOSDAQ,현진소재
11080,KOSDAQ,형지I&C
60560,KOSDAQ,홈센타홀딩스
64240,KOSDAQ,홈캐스트
39610,KOSDAQ,화성밸브
126640,KOSDAQ,화신정공
61250,KOSDAQ,화일약품
97870,KOSDAQ,효성오앤비
50090,KOSDAQ,휘닉스소재
290270,KOSDAQ,휴네시온
90710,KOSDAQ,휴림로봇
205470,KOSDAQ,휴마시스
115160,KOSDAQ,휴맥스
28080,KOSDAQ,휴맥스홀딩스
200670,KOSDAQ,휴메딕스
65510,KOSDAQ,휴비츠
243070,KOSDAQ,휴온스
84110,KOSDAQ,휴온스글로벌
145020,KOSDAQ,휴젤
24060,KOSDAQ,흥구석유
10240,KOSDAQ,흥국
189980,KOSDAQ,흥국에프엔비
37440,KOSDAQ,희림
238490,KOSDAQ,힘스
